Episode,Total Reward,Epsilon,Time (s)
1,-6.4,1.0,0.0
2,2.7,0.6,1.0
3,5.1,0.28,2.5
4,-7.5,0.246,2.7
5,-8.4,0.226,2.9
6,-9.0,0.214,3.0
7,-8.4,0.196,3.2
8,-8.6,0.182,3.3
9,-4.6,0.138,3.9
10,-8.8,0.129,4.0
11,-7.3,0.112,4.3
12,-8.1,0.102,4.5
13,-8.2,0.092,4.7
14,-8.2,0.084,4.9
15,-7.1,0.072,5.2
16,-7.4,0.063,5.4
17,-9.0,0.06,5.5
18,-7.8,0.053,5.8
19,-8.2,0.048,6.0
20,-9.0,0.046,6.1
21,-8.6,0.043,6.2
22,-8.0,0.038,6.4
23,-1.9,0.025,7.2
24,-6.0,0.021,7.6
25,-8.7,0.019,7.8
26,-9.1,0.018,7.9
27,-7.4,0.016,8.2
28,-8.2,0.015,8.4
29,-8.3,0.013,8.5
30,-9.0,0.013,8.7
31,1.0,0.012,8.8
32,-9.1,0.011,8.9
33,-8.3,0.01,9.1
34,-8.0,0.01,9.3
35,-1.2,0.01,10.2
36,-8.7,0.01,10.3
37,-3.5,0.01,11.0
38,-6.3,0.01,11.4
39,-8.2,0.01,11.6
40,-9.1,0.01,11.7
41,-7.9,0.01,11.9
42,-9.0,0.01,12.0
43,0.4,0.01,13.1
44,-2.6,0.01,13.8
45,5.5,0.01,15.4
46,-2.6,0.01,16.1
47,1.1,0.01,16.3
48,-8.2,0.01,16.5
49,-7.8,0.01,16.7
50,-8.9,0.01,16.9
51,-7.3,0.01,17.2
52,-9.1,0.01,17.3
53,-6.9,0.01,17.6
54,-6.4,0.01,18.0
55,1.1,0.01,18.1
56,-8.1,0.01,18.3
57,-4.6,0.01,18.8
58,-8.4,0.01,19.0
59,-9.1,0.01,19.1
60,-6.7,0.01,19.5
61,-8.2,0.01,19.6
62,-1.3,0.01,20.5
63,1.3,0.01,20.7
64,-8.3,0.01,20.8
65,-7.5,0.01,21.1
66,-8.6,0.01,21.2
67,-3.5,0.01,21.9
68,-8.4,0.01,22.1
69,-8.0,0.01,22.3
70,-7.8,0.01,22.5
71,-8.5,0.01,22.7
72,-8.3,0.01,22.9
73,-9.1,0.01,23.0
74,-8.7,0.01,23.1
75,-6.2,0.01,23.5
76,-9.1,0.01,23.6
77,-6.2,0.01,24.0
78,-8.5,0.01,24.1
79,-5.2,0.01,24.6
80,-4.7,0.01,25.2
81,-8.2,0.01,25.3
82,-8.2,0.01,25.5
83,-8.7,0.01,25.7
84,-6.0,0.01,26.1
85,-7.0,0.01,26.4
86,-3.3,0.01,27.1
87,-8.0,0.01,27.3
88,-1.4,0.01,28.2
89,-9.1,0.01,28.3
90,-6.9,0.01,28.6
91,-6.3,0.01,29.0
92,-7.7,0.01,29.2
93,-8.2,0.01,29.4
94,-8.4,0.01,29.6
95,-7.4,0.01,29.8
96,-8.0,0.01,30.1
97,-8.3,0.01,30.2
98,-3.9,0.01,30.8
99,-6.3,0.01,31.2
100,-7.4,0.01,31.5
101,2.2,0.01,32.7
102,-7.7,0.01,33.0
103,-8.3,0.01,33.2
104,-8.9,0.01,33.3
105,-7.3,0.01,33.6
106,-4.2,0.01,34.2
107,-7.6,0.01,34.4
108,-5.1,0.01,34.9
109,-8.2,0.01,35.1
110,1.6,0.01,35.3
111,-8.1,0.01,35.5
112,-7.0,0.01,35.8
113,-6.9,0.01,36.1
114,-5.1,0.01,36.6
115,-6.1,0.01,37.0
116,-8.8,0.01,37.1
117,-8.4,0.01,37.3
118,-6.6,0.01,37.7
119,-5.1,0.01,38.1
120,-9.1,0.01,38.3
121,12.9,0.01,39.5
122,-6.5,0.01,39.9
123,-6.4,0.01,40.2
124,12.1,0.01,42.4
125,-5.5,0.01,42.9
126,-5.7,0.01,43.3
127,-6.1,0.01,43.7
128,-7.1,0.01,44.0
129,18.6,0.01,46.9
130,-4.5,0.01,47.4
131,-4.2,0.01,48.0
132,-7.9,0.01,48.2
133,-8.9,0.01,48.3
134,1.8,0.01,48.5
135,-8.6,0.01,48.7
136,-9.1,0.01,48.8
137,-7.2,0.01,49.1
138,-4.9,0.01,49.6
139,-5.1,0.01,50.1
140,-6.3,0.01,50.5
141,-8.9,0.01,50.6
142,-8.3,0.01,50.8
143,-9.1,0.01,50.9
144,-6.2,0.01,51.3
145,-8.6,0.01,51.4
146,-7.4,0.01,51.7
147,-8.2,0.01,51.9
148,-8.1,0.01,52.1
149,-8.5,0.01,52.2
150,-8.8,0.01,52.3
151,-8.7,0.01,52.5
152,-6.8,0.01,52.8
153,-7.2,0.01,53.1
154,-7.3,0.01,53.4
155,-8.1,0.01,53.6
156,-7.5,0.01,53.8
157,-8.2,0.01,54.1
158,-9.1,0.01,54.2
159,-7.3,0.01,54.5
160,-1.4,0.01,55.4
161,-5.6,0.01,55.8
162,-8.1,0.01,56.0
163,-2.7,0.01,56.8
164,-6.6,0.01,57.1
165,3.4,0.01,57.5
166,-6.4,0.01,57.9
167,-6.0,0.01,58.3
168,-6.1,0.01,58.7
169,-7.6,0.01,58.9
170,-5.6,0.01,59.4
171,-7.5,0.01,59.7
172,-8.7,0.01,59.9
173,-5.6,0.01,60.3
174,-8.0,0.01,60.5
175,-4.3,0.01,61.2
176,-7.0,0.01,61.5
177,-6.2,0.01,61.8
178,-7.1,0.01,62.1
179,-8.3,0.01,62.3
180,-9.1,0.01,62.4
181,-6.4,0.01,62.8
182,-8.1,0.01,63.0
183,-8.1,0.01,63.2
184,-7.1,0.01,63.5
185,-8.1,0.01,63.7
186,-0.1,0.01,64.6
187,-6.1,0.01,65.0
188,-6.5,0.01,65.4
189,18.3,0.01,67.3
190,-7.5,0.01,67.5
191,-6.5,0.01,67.9
192,-8.1,0.01,68.1
193,-6.8,0.01,68.4
194,3.4,0.01,68.8
195,-8.1,0.01,69.0
196,-8.1,0.01,69.1
197,1.5,0.01,70.3
198,-7.0,0.01,70.6
199,-8.2,0.01,70.8
200,-8.6,0.01,70.9
201,-9.0,0.01,71.0
202,-6.2,0.01,71.4
203,-3.2,0.01,72.1
204,-7.7,0.01,72.4
205,-4.4,0.01,72.9
206,-6.5,0.01,73.3
207,-4.5,0.01,73.8
208,-8.2,0.01,74.0
209,-9.1,0.01,74.1
210,-9.1,0.01,74.2
211,-7.9,0.01,74.4
212,-8.5,0.01,74.6
213,-0.5,0.01,75.5
214,-1.7,0.01,76.4
215,-8.4,0.01,76.5
216,-5.3,0.01,77.0
217,-6.2,0.01,77.4
218,-4.9,0.01,77.9
219,-6.1,0.01,78.3
220,-4.3,0.01,78.8
221,-8.1,0.01,79.0
222,1.0,0.01,79.2
223,-8.3,0.01,79.3
224,-6.2,0.01,79.7
225,-6.7,0.01,80.1
226,-8.8,0.01,80.2
227,-6.2,0.01,80.6
228,-4.4,0.01,81.1
229,-8.1,0.01,81.3
230,-2.1,0.01,82.1
231,-3.5,0.01,82.8
232,1.6,0.01,83.0
233,21.0,0.01,85.0
234,4.5,0.01,86.4
235,-6.2,0.01,86.8
236,-7.5,0.01,87.1
237,-8.1,0.01,87.3
238,-9.1,0.01,87.4
239,-8.2,0.01,87.6
240,-8.1,0.01,87.8
241,-2.7,0.01,88.5
242,-3.2,0.01,89.2
243,-8.1,0.01,89.4
244,-9.0,0.01,89.5
245,-2.5,0.01,90.2
246,-9.0,0.01,90.3
247,-6.6,0.01,90.7
248,-6.8,0.01,91.0
249,-8.7,0.01,91.1
250,-6.3,0.01,91.5
251,-4.0,0.01,92.1
252,2.4,0.01,93.4
253,-2.3,0.01,94.1
254,6.8,0.01,94.8
255,-5.8,0.01,95.3
256,-8.1,0.01,95.5
257,-6.5,0.01,95.8
258,-7.2,0.01,96.1
259,-6.3,0.01,96.5
260,-9.1,0.01,96.6
261,-4.9,0.01,97.1
262,-4.8,0.01,97.6
263,-8.3,0.01,97.8
264,-6.5,0.01,98.2
265,-5.5,0.01,98.6
266,2.1,0.01,99.8
267,-7.0,0.01,100.1
268,6.5,0.01,100.8
269,-6.1,0.01,101.1
270,-7.1,0.01,101.4
271,-8.1,0.01,101.6
272,3.8,0.01,102.0
273,-6.4,0.01,102.4
274,-9.0,0.01,102.5
275,-6.3,0.01,102.9
276,-2.7,0.01,103.6
277,-7.1,0.01,103.9
278,-2.1,0.01,104.7
279,-7.8,0.01,104.9
280,13.9,0.01,107.3
281,-9.1,0.01,107.4
282,-8.2,0.01,107.6
283,-5.3,0.01,108.1
284,-9.0,0.01,108.2
285,-8.3,0.01,108.4
286,-6.3,0.01,108.8
287,-5.7,0.01,109.2
288,-9.0,0.01,109.3
289,-9.0,0.01,109.4
290,-6.5,0.01,109.8
291,-7.3,0.01,110.1
292,-8.1,0.01,110.3
293,-3.1,0.01,110.9
294,-7.2,0.01,111.2
295,14.5,0.01,112.7
296,17.8,0.01,115.4
297,-7.1,0.01,115.7
298,-9.0,0.01,115.8
299,-5.7,0.01,116.2
300,-6.7,0.01,116.5
301,-6.1,0.01,116.9
302,-7.5,0.01,117.2
303,-5.7,0.01,117.6
304,-5.0,0.01,118.1
305,-8.5,0.01,118.3
306,-8.3,0.01,118.5
307,-4.2,0.01,119.1
308,-7.3,0.01,119.4
309,-7.8,0.01,119.6
310,-6.5,0.01,119.9
311,-3.0,0.01,120.6
312,-7.5,0.01,120.9
313,-6.3,0.01,121.2
314,4.1,0.01,121.7
315,-6.2,0.01,122.1
316,-9.1,0.01,122.2
317,-9.0,0.01,122.3
318,-8.0,0.01,122.5
319,-9.1,0.01,122.6
320,-8.8,0.01,122.7
321,-4.9,0.01,123.2
322,-8.2,0.01,123.4
323,-6.5,0.01,123.7
324,-8.2,0.01,123.9
325,-8.2,0.01,124.1
326,-7.8,0.01,124.3
327,-8.9,0.01,124.4
328,-3.3,0.01,125.1
329,-2.8,0.01,125.8
330,-7.1,0.01,126.1
331,-9.0,0.01,126.2
332,-8.1,0.01,126.4
333,-9.0,0.01,126.6
334,-8.6,0.01,126.7
335,-8.4,0.01,126.9
336,-9.1,0.01,127.0
337,-8.2,0.01,127.2
338,-6.8,0.01,127.5
339,-6.4,0.01,127.9
340,-0.4,0.01,128.8
341,-6.8,0.01,129.1
342,-8.1,0.01,129.3
343,-8.9,0.01,129.4
344,-8.3,0.01,129.6
345,-9.0,0.01,129.7
346,-6.3,0.01,130.1
347,-4.5,0.01,130.7
348,-5.4,0.01,131.1
349,-8.2,0.01,131.3
350,-6.6,0.01,131.7
351,-6.1,0.01,132.1
352,-5.0,0.01,132.6
353,-7.0,0.01,132.9
354,-6.8,0.01,133.2
355,-7.9,0.01,133.4
356,-7.9,0.01,133.7
357,-9.1,0.01,133.8
358,-5.1,0.01,134.2
359,-8.4,0.01,134.4
360,-8.1,0.01,134.6
361,-8.8,0.01,134.7
362,-9.1,0.01,134.8
363,-4.3,0.01,135.4
364,-9.1,0.01,135.5
365,9.7,0.01,136.5
366,-8.6,0.01,136.6
367,-5.0,0.01,137.2
368,-7.4,0.01,137.5
369,27.2,0.01,141.3
370,-8.6,0.01,141.4
371,-8.7,0.01,141.6
372,-6.1,0.01,142.0
373,-7.1,0.01,142.3
374,-6.5,0.01,142.6
375,-9.1,0.01,142.7
376,-8.9,0.01,142.8
377,-9.1,0.01,142.9
378,3.1,0.01,143.3
379,-6.8,0.01,143.6
380,-7.3,0.01,143.9
381,-8.8,0.01,144.0
382,-5.2,0.01,144.5
383,-4.3,0.01,145.1
384,-4.2,0.01,145.6
385,-8.2,0.01,145.8
386,-6.3,0.01,146.2
387,1.7,0.01,146.4
388,-4.9,0.01,146.9
389,-6.5,0.01,147.3
390,-3.2,0.01,147.9
391,-8.8,0.01,148.1
392,-8.1,0.01,148.3
393,-8.1,0.01,148.5
394,-7.0,0.01,148.8
395,-7.7,0.01,149.0
396,-7.7,0.01,149.2
397,-6.7,0.01,149.6
398,-7.0,0.01,149.9
399,-5.3,0.01,150.3
400,-7.0,0.01,150.7
401,-9.1,0.01,150.8
402,-8.3,0.01,150.9
403,-9.1,0.01,151.0
404,-8.4,0.01,151.2
405,-8.2,0.01,151.4
406,-2.6,0.01,152.1
407,4.7,0.01,152.6
408,-8.1,0.01,152.8
409,-9.1,0.01,152.9
410,-9.1,0.01,153.0
411,6.1,0.01,154.6
412,-6.3,0.01,155.0
413,-9.1,0.01,155.1
414,-8.8,0.01,155.2
415,-5.5,0.01,155.7
416,-9.0,0.01,155.8
417,-3.8,0.01,156.4
418,-8.0,0.01,156.6
419,-8.4,0.01,156.8
420,-8.2,0.01,157.0
421,-8.1,0.01,157.2
422,-5.0,0.01,157.7
423,-4.6,0.01,158.2
424,0.8,0.01,158.3
425,-7.0,0.01,158.6
426,-4.0,0.01,159.3
427,-8.3,0.01,159.4
428,-8.1,0.01,159.6
429,-9.0,0.01,159.7
430,-9.1,0.01,159.8
431,-8.6,0.01,160.0
432,-6.7,0.01,160.3
433,-8.3,0.01,160.5
434,-9.0,0.01,160.6
435,-2.5,0.01,161.4
436,1.8,0.01,161.6
437,-7.0,0.01,161.9
438,-2.0,0.01,162.7
439,-6.2,0.01,163.0
440,-8.2,0.01,163.2
441,-8.7,0.01,163.4
442,-6.2,0.01,163.8
443,-9.1,0.01,163.9
444,-6.0,0.01,164.3
445,3.8,0.01,165.6
446,-9.1,0.01,165.7
447,-3.6,0.01,166.4
448,-5.9,0.01,166.8
449,5.2,0.01,167.3
450,-2.4,0.01,168.1
451,-6.1,0.01,168.5
452,-6.0,0.01,168.9
453,-7.1,0.01,169.2
454,-7.9,0.01,169.4
455,-9.0,0.01,169.5
456,-3.6,0.01,170.2
457,-8.1,0.01,170.4
458,-9.1,0.01,170.5
459,-8.2,0.01,170.7
460,-8.8,0.01,170.9
461,-8.1,0.01,171.1
462,-9.1,0.01,171.2
463,-8.7,0.01,171.3
464,-6.1,0.01,171.7
465,-6.4,0.01,172.1
466,-8.0,0.01,172.3
467,-6.3,0.01,172.7
468,-1.2,0.01,173.5
469,-6.2,0.01,173.9
470,-7.0,0.01,174.2
471,-5.3,0.01,174.7
472,-5.9,0.01,175.1
473,-8.4,0.01,175.3
474,-7.1,0.01,175.6
475,-6.6,0.01,175.9
476,-7.1,0.01,176.2
477,-7.7,0.01,176.5
478,6.4,0.01,177.1
479,-9.0,0.01,177.2
480,-7.9,0.01,177.5
481,-9.1,0.01,177.6
482,-4.4,0.01,178.1
483,-5.5,0.01,178.6
484,-8.7,0.01,178.7
485,-8.6,0.01,178.9
486,-0.1,0.01,179.9
487,-8.2,0.01,180.1
488,-9.0,0.01,180.2
489,-8.6,0.01,180.3
490,-8.1,0.01,180.5
491,-8.4,0.01,180.7
492,9.3,0.01,182.6
493,-8.4,0.01,182.8
494,-6.0,0.01,183.2
495,-8.7,0.01,183.3
496,-5.3,0.01,183.8
497,-9.1,0.01,183.9
498,-5.3,0.01,184.4
499,-9.1,0.01,184.5
500,-5.6,0.01,184.9
501,-7.1,0.01,185.2
502,-8.5,0.01,185.4
503,-8.1,0.01,185.6
504,-4.8,0.01,186.1
505,-7.6,0.01,186.4
506,-7.6,0.01,186.6
507,-7.5,0.01,186.9
508,7.5,0.01,187.6
509,-9.0,0.01,187.7
510,-8.9,0.01,187.9
511,-8.1,0.01,188.1
512,-9.1,0.01,188.2
513,-8.8,0.01,188.3
514,-7.1,0.01,188.6
515,-5.0,0.01,189.1
516,-9.1,0.01,189.2
517,-5.1,0.01,189.7
518,-6.2,0.01,190.1
519,-8.7,0.01,190.2
520,-7.1,0.01,190.5
521,-9.1,0.01,190.6
522,-5.5,0.01,191.1
523,-7.2,0.01,191.4
524,-8.0,0.01,191.6
525,-9.0,0.01,191.7
526,-6.3,0.01,192.1
527,-3.1,0.01,192.8
528,-7.9,0.01,193.0
529,-7.5,0.01,193.3
530,-8.3,0.01,193.4
531,-9.1,0.01,193.5
532,-7.6,0.01,193.8
533,-5.2,0.01,194.3
534,-4.9,0.01,194.8
535,-7.2,0.01,195.1
536,2.9,0.01,196.4
537,0.8,0.01,196.5
538,-8.5,0.01,196.6
539,4.5,0.01,197.1
540,-7.0,0.01,197.4
541,-8.5,0.01,197.6
542,-7.1,0.01,197.9
543,-5.4,0.01,198.3
544,-6.2,0.01,198.7
545,-8.5,0.01,198.9
546,-6.6,0.01,199.2
547,-8.9,0.01,199.3
548,-9.1,0.01,199.4
549,-9.0,0.01,199.6
550,-8.3,0.01,199.7
551,-8.2,0.01,199.9
552,-8.2,0.01,200.1
553,-4.5,0.01,200.7
554,-8.1,0.01,200.9
555,-8.8,0.01,201.0
556,-6.1,0.01,201.4
557,-6.9,0.01,201.7
558,-8.7,0.01,201.9
559,-6.4,0.01,202.2
560,-9.0,0.01,202.3
561,-9.0,0.01,202.4
562,-9.0,0.01,202.6
563,5.1,0.01,203.1
564,-9.1,0.01,203.2
565,-7.6,0.01,203.4
566,-9.1,0.01,203.5
567,-7.9,0.01,203.7
568,-7.9,0.01,204.0
569,-9.1,0.01,204.1
570,-9.1,0.01,204.2
571,-6.1,0.01,204.6
572,-6.4,0.01,204.9
573,-7.5,0.01,205.2
574,-8.4,0.01,205.4
575,-9.1,0.01,205.5
576,-5.3,0.01,205.9
577,-4.9,0.01,206.4
578,-8.0,0.01,206.7
579,-8.5,0.01,206.8
580,-9.1,0.01,206.9
581,-6.5,0.01,207.3
582,-8.9,0.01,207.4
583,-7.8,0.01,207.6
584,-8.0,0.01,207.8
585,3.6,0.01,208.2
586,10.0,0.01,210.2
587,-7.4,0.01,210.5
588,-8.8,0.01,210.6
589,-8.6,0.01,210.8
590,-9.0,0.01,210.9
591,-7.4,0.01,211.2
592,-5.6,0.01,211.6
593,-5.5,0.01,212.1
594,-2.6,0.01,212.8
595,-9.1,0.01,212.9
596,-8.5,0.01,213.1
597,-8.5,0.01,213.2
598,-8.5,0.01,213.4
599,-8.9,0.01,213.5
600,-8.9,0.01,213.7
601,-7.7,0.01,213.9
602,3.3,0.01,214.3
603,-8.1,0.01,214.5
604,-7.9,0.01,214.7
605,-8.6,0.01,214.8
606,-8.8,0.01,215.0
607,-6.2,0.01,215.4
608,-9.0,0.01,215.5
609,-8.4,0.01,215.6
610,-8.2,0.01,215.8
611,3.4,0.01,216.2
612,-7.5,0.01,216.4
613,-4.8,0.01,217.0
614,-8.6,0.01,217.1
615,-5.2,0.01,217.6
616,-4.2,0.01,218.2
617,-9.1,0.01,218.3
618,-9.1,0.01,218.4
619,-7.4,0.01,218.7
620,-1.9,0.01,219.5
621,-6.5,0.01,219.9
622,-6.9,0.01,220.2
623,-8.1,0.01,220.4
624,-8.0,0.01,220.6
625,-9.0,0.01,220.7
626,-7.4,0.01,221.0
627,-8.5,0.01,221.1
628,-8.8,0.01,221.3
629,-9.1,0.01,221.4
630,-6.4,0.01,221.7
631,-8.5,0.01,221.9
632,-8.2,0.01,222.1
633,-6.4,0.01,222.4
634,-9.1,0.01,222.5
635,-9.1,0.01,222.7
636,-4.0,0.01,223.3
637,-7.1,0.01,223.6
638,-8.7,0.01,223.7
639,-6.9,0.01,224.0
640,6.3,0.01,224.7
641,-7.2,0.01,224.9
642,-6.8,0.01,225.3
643,-8.4,0.01,225.4
644,-6.3,0.01,225.8
645,-9.1,0.01,225.9
646,-8.9,0.01,226.0
647,-8.2,0.01,226.2
648,-8.4,0.01,226.4
649,-7.9,0.01,226.6
650,-2.5,0.01,227.3
651,2.6,0.01,227.6
652,-8.8,0.01,227.7
653,-8.6,0.01,227.9
654,-7.5,0.01,228.2
655,1.9,0.01,228.4
656,-7.8,0.01,228.6
657,-9.0,0.01,228.7
658,-7.4,0.01,229.0
659,0.3,0.01,230.0
660,-8.1,0.01,230.2
661,-8.0,0.01,230.4
662,-9.1,0.01,230.5
663,-7.8,0.01,230.8
664,-9.0,0.01,230.9
665,-3.6,0.01,231.5
666,-7.2,0.01,231.8
667,-6.0,0.01,232.2
668,-7.3,0.01,232.5
669,2.9,0.01,233.8
670,-8.3,0.01,234.0
671,-8.6,0.01,234.1
672,-5.9,0.01,234.5
673,-9.0,0.01,234.6
674,-6.9,0.01,235.0
675,-8.6,0.01,235.1
676,-8.1,0.01,235.3
677,-8.6,0.01,235.5
678,1.5,0.01,235.6
679,-8.0,0.01,235.8
680,-8.9,0.01,236.0
681,-6.2,0.01,236.4
682,-8.9,0.01,236.5
683,-8.8,0.01,236.6
684,-7.9,0.01,236.8
685,-8.4,0.01,237.0
686,-4.8,0.01,237.5
687,6.2,0.01,238.2
688,-4.4,0.01,238.7
689,-8.9,0.01,238.9
690,-6.9,0.01,239.2
691,6.3,0.01,239.8
692,-7.6,0.01,240.1
693,2.7,0.01,240.4
694,-9.0,0.01,240.5
695,-7.6,0.01,240.7
696,-8.8,0.01,240.9
697,-9.0,0.01,241.0
698,-6.5,0.01,241.3
699,-9.1,0.01,241.4
700,-9.0,0.01,241.5
701,-7.3,0.01,241.8
702,-9.0,0.01,241.9
703,-5.1,0.01,242.4
704,-0.0,0.01,243.4
705,-7.7,0.01,243.7
706,-8.8,0.01,243.8
707,-8.1,0.01,244.1
708,-5.9,0.01,244.5
709,-8.9,0.01,244.7
710,-5.5,0.01,245.3
711,0.5,0.01,246.5
712,3.4,0.01,247.0
713,-5.9,0.01,247.4
714,-9.1,0.01,247.6
715,-8.2,0.01,247.8
716,-6.7,0.01,248.1
717,-7.9,0.01,248.4
718,-8.8,0.01,248.5
719,5.1,0.01,249.1
720,-8.3,0.01,249.3
721,-9.0,0.01,249.4
722,-8.4,0.01,249.6
723,-9.0,0.01,249.7
724,-8.9,0.01,249.8
725,-5.6,0.01,250.3
726,-9.0,0.01,250.4
727,-8.5,0.01,250.6
728,-8.3,0.01,250.7
729,-6.7,0.01,251.1
730,-7.0,0.01,251.4
731,-8.3,0.01,251.6
732,-7.0,0.01,251.9
733,-0.9,0.01,252.9
734,-9.0,0.01,253.0
735,-8.5,0.01,253.2
736,-8.0,0.01,253.4
737,-8.2,0.01,253.6
738,-7.3,0.01,253.9
739,-8.4,0.01,254.1
740,-9.1,0.01,254.2
741,-8.1,0.01,254.4
742,-9.1,0.01,254.5
743,-5.7,0.01,254.9
744,-9.1,0.01,255.0
745,-8.8,0.01,255.2
746,-8.7,0.01,255.3
747,-9.1,0.01,255.4
748,-8.4,0.01,255.6
749,-9.0,0.01,255.7
750,1.2,0.01,255.9
751,-6.3,0.01,256.3
752,-8.1,0.01,256.5
753,-7.5,0.01,256.7
754,-8.2,0.01,256.9
755,-9.1,0.01,257.0
756,-6.8,0.01,257.4
757,-8.7,0.01,257.5
758,-9.1,0.01,257.6
759,-8.2,0.01,257.8
760,-9.1,0.01,257.9
761,-9.1,0.01,258.0
762,-8.7,0.01,258.2
763,-9.1,0.01,258.3
764,-9.0,0.01,258.4
765,-3.8,0.01,259.1
766,-7.5,0.01,259.3
767,-6.2,0.01,259.7
768,-6.4,0.01,260.1
769,-6.3,0.01,260.5
770,-9.1,0.01,260.6
771,-6.9,0.01,260.9
772,-7.8,0.01,261.2
773,-7.0,0.01,261.5
774,-8.2,0.01,261.7
775,-6.5,0.01,262.1
776,-7.9,0.01,262.3
777,-8.0,0.01,262.5
778,-6.9,0.01,262.9
779,-8.2,0.01,263.1
780,-7.1,0.01,263.4
781,-7.6,0.01,263.6
782,-9.1,0.01,263.7
783,-7.2,0.01,264.1
784,-5.4,0.01,264.5
785,-9.1,0.01,264.6
786,-9.1,0.01,264.7
787,-9.1,0.01,264.9
788,3.9,0.01,265.3
789,-6.7,0.01,265.6
790,2.9,0.01,266.0
791,-8.2,0.01,266.2
792,-8.1,0.01,266.4
793,-8.8,0.01,266.5
794,0.8,0.01,266.6
795,-8.3,0.01,266.8
796,-2.7,0.01,267.6
797,1.9,0.01,268.8
798,-7.1,0.01,269.1
799,-9.1,0.01,269.2
800,-9.1,0.01,269.3
801,-9.1,0.01,269.4
802,-9.1,0.01,269.5
803,-7.3,0.01,269.8
804,-7.5,0.01,270.1
805,-8.7,0.01,270.2
806,2.3,0.01,270.5
807,-9.0,0.01,270.6
808,-9.1,0.01,270.7
809,-9.1,0.01,270.8
810,1.5,0.01,271.0
811,-8.7,0.01,271.2
812,-7.4,0.01,271.4
813,-9.0,0.01,271.6
814,-9.0,0.01,271.7
815,-8.9,0.01,271.8
816,12.1,0.01,272.1
817,-5.6,0.01,272.5
818,-9.1,0.01,272.6
819,-6.3,0.01,273.0
820,-8.8,0.01,273.2
821,-8.6,0.01,273.3
822,-8.5,0.01,273.5
823,-9.1,0.01,273.6
824,-8.9,0.01,273.7
825,-9.1,0.01,273.8
826,-9.0,0.01,273.9
827,-9.1,0.01,274.1
828,-7.1,0.01,274.4
829,-8.8,0.01,274.5
830,-7.7,0.01,274.7
831,-8.9,0.01,274.9
832,-9.1,0.01,275.0
833,-7.9,0.01,275.2
834,-9.0,0.01,275.3
835,-9.1,0.01,275.4
836,-8.6,0.01,275.6
837,-9.0,0.01,275.7
838,-8.1,0.01,275.9
839,-8.7,0.01,276.1
840,-7.0,0.01,276.4
841,-9.1,0.01,276.5
842,-8.9,0.01,276.6
843,-9.1,0.01,276.7
844,-8.8,0.01,276.8
845,-8.6,0.01,277.0
846,-9.1,0.01,277.1
847,-8.9,0.01,277.2
848,-8.0,0.01,277.5
849,-8.5,0.01,277.6
850,-9.0,0.01,277.7
851,-9.0,0.01,277.9
852,-4.9,0.01,278.4
853,-9.0,0.01,278.5
854,-9.0,0.01,278.6
855,-8.4,0.01,278.8
856,-8.1,0.01,279.0
857,-8.0,0.01,279.2
858,-7.9,0.01,279.5
859,-8.8,0.01,279.6
860,2.3,0.01,279.9
861,-8.8,0.01,280.0
862,-8.3,0.01,280.2
863,-4.8,0.01,280.7
864,-9.0,0.01,280.9
865,-8.3,0.01,281.0
866,-7.8,0.01,281.3
867,-9.1,0.01,281.4
868,-9.1,0.01,281.5
869,-4.8,0.01,282.0
870,-9.1,0.01,282.1
871,-8.8,0.01,282.3
872,-8.1,0.01,282.5
873,-9.0,0.01,282.6
874,-8.0,0.01,282.8
875,-8.6,0.01,283.0
876,-9.0,0.01,283.1
877,-9.0,0.01,283.2
878,-7.7,0.01,283.5
879,-8.3,0.01,283.6
880,-6.7,0.01,284.0
881,-9.0,0.01,284.1
882,-9.1,0.01,284.2
883,-8.4,0.01,284.4
884,-8.9,0.01,284.5
885,-8.2,0.01,284.7
886,-8.4,0.01,284.9
887,-7.9,0.01,285.1
888,-8.5,0.01,285.3
889,-8.5,0.01,285.5
890,-7.9,0.01,285.7
891,-9.1,0.01,285.8
892,-9.1,0.01,285.9
893,-4.9,0.01,286.4
894,-8.5,0.01,286.6
895,-8.9,0.01,286.7
896,-9.0,0.01,286.8
897,-9.0,0.01,286.9
898,-9.0,0.01,287.1
899,3.4,0.01,287.4
900,-6.6,0.01,287.8
901,-9.0,0.01,287.9
902,-6.5,0.01,288.3
903,-8.2,0.01,288.5
904,-9.1,0.01,288.6
905,-8.4,0.01,288.8
906,-8.2,0.01,289.0
907,-6.8,0.01,289.3
908,-8.3,0.01,289.5
909,-9.1,0.01,289.6
910,-8.1,0.01,289.8
911,-7.1,0.01,290.1
912,-9.1,0.01,290.2
913,-9.1,0.01,290.4
914,-8.2,0.01,290.5
915,-8.4,0.01,290.7
916,-9.0,0.01,290.8
917,-9.1,0.01,290.9
918,-8.0,0.01,291.2
919,-9.1,0.01,291.3
920,-9.1,0.01,291.4
921,-7.7,0.01,291.6
922,-5.2,0.01,292.1
923,-8.5,0.01,292.3
924,-9.1,0.01,292.4
925,-9.0,0.01,292.5
926,-8.3,0.01,292.7
927,-8.9,0.01,292.8
928,-9.1,0.01,292.9
929,-9.0,0.01,293.0
930,-9.1,0.01,293.2
931,-6.8,0.01,293.5
932,-7.0,0.01,293.8
933,-9.1,0.01,293.9
934,-9.0,0.01,294.0
935,-9.1,0.01,294.1
936,-8.5,0.01,294.3
937,-9.1,0.01,294.4
938,-9.1,0.01,294.5
939,-7.4,0.01,294.8
940,-9.0,0.01,294.9
941,-8.5,0.01,295.1
942,-6.8,0.01,295.4
943,-9.1,0.01,295.5
944,-5.6,0.01,296.0
945,-9.1,0.01,296.1
946,-8.7,0.01,296.2
947,-7.2,0.01,296.5
948,-8.1,0.01,296.7
949,-8.5,0.01,296.9
950,-7.7,0.01,297.2
951,-9.0,0.01,297.3
952,-9.0,0.01,297.4
953,-6.5,0.01,297.8
954,6.2,0.01,298.4
955,-9.0,0.01,298.5
956,-8.1,0.01,298.7
957,-8.1,0.01,298.9
958,-8.2,0.01,299.1
959,-9.0,0.01,299.3
960,-8.9,0.01,299.4
961,-8.2,0.01,299.6
962,-8.3,0.01,299.8
963,1.7,0.01,300.0
964,-8.4,0.01,300.1
965,-8.4,0.01,300.3
966,-8.9,0.01,300.4
967,-9.1,0.01,300.5
968,-9.0,0.01,300.7
969,-9.1,0.01,300.8
970,-8.6,0.01,300.9
971,-9.0,0.01,301.0
972,-9.0,0.01,301.2
973,-9.0,0.01,301.3
974,-9.0,0.01,301.4
975,-9.0,0.01,301.5
976,-9.0,0.01,301.6
977,-7.5,0.01,301.9
978,-8.3,0.01,302.1
979,-8.3,0.01,302.3
980,-8.3,0.01,302.4
981,-9.0,0.01,302.6
982,-9.0,0.01,302.7
983,-9.0,0.01,302.8
984,-9.0,0.01,302.9
985,3.8,0.01,303.3
986,-9.0,0.01,303.4
987,-9.0,0.01,303.5
988,-8.1,0.01,303.8
989,-8.6,0.01,303.9
990,-8.6,0.01,304.1
991,-9.1,0.01,304.2
992,-9.0,0.01,304.3
993,0.7,0.01,305.4
994,-9.0,0.01,305.5
995,-8.6,0.01,305.7
996,-6.3,0.01,306.1
997,-9.0,0.01,306.2
998,-9.0,0.01,306.4
999,-9.0,0.01,306.5
1000,-9.0,0.01,306.6
